order_date,order_count,item_count,subtotal,shipping_fee,tax,discount_total,revenue,status_cancelled,status_completed,status_processing,status_returned,status_shipped,avg_order_value,day_of_week,is_holiday
2024-01-01,14,25,5782.6900000000005,29.15,513.05,222.04,6324.89,4,6,1,1,2,451.77785714285716,0,1
2024-01-02,15,41,9158.039999999999,22.06,872.14,324.41999999999996,10052.24,3,4,4,0,4,670.1493333333333,1,0
2024-01-03,15,30,5377.53,36.38,471.12,249.26,5885.03,1,4,3,3,4,392.3353333333333,2,0
2024-01-04,2,4,1632.5,0.0,134.78,41.29,1767.28,2,0,0,0,0,883.64,3,0
2024-01-05,13,24,5045.2300000000005,35.480000000000004,523.9,82.27000000000001,5604.61,4,3,1,3,2,431.1238461538461,4,0
2024-01-06,15,27,8311.88,24.82,716.16,130.44,9052.86,4,4,2,0,5,603.524,5,0
2024-01-07,12,25,2314.76,25.42,198.8,56.03,2538.98,1,3,2,4,2,211.58166666666668,6,0
2024-01-08,10,19,3088.3,27.82,303.12,0.0,3419.24,0,4,0,3,3,341.924,0,0
2024-01-09,17,41,6178.59,24.25,449.08,526.75,6651.92,2,2,3,3,7,391.2894117647059,1,0
2024-01-10,14,26,3799.27,54.38,336.58,2.04,4190.23,1,3,3,3,4,299.3021428571428,2,0
2024-01-11,9,17,4096.23,14.41,310.38,60.730000000000004,4421.02,3,1,2,1,2,491.2244444444445,3,0
2024-01-12,23,59,18718.41,60.57,1518.47,721.96,20297.45,3,3,9,6,2,882.4978260869566,4,0
2024-01-13,7,16,1643.44,22.71,150.76,27.16,1816.91,1,1,0,3,2,259.55857142857144,5,0
2024-01-14,10,23,7396.59,8.85,597.9,97.71,8003.34,3,4,0,1,2,800.3340000000001,6,0
2024-01-15,13,31,10877.94,12.850000000000001,973.37,258.05,11864.16,2,3,4,2,2,912.6276923076923,0,1
2024-01-16,17,37,5540.84,42.08,549.59,239.22,6132.51,3,6,1,4,3,360.7358823529412,1,0
2024-01-17,12,24,3755.2200000000003,38.74,387.38,164.36,4181.34,3,3,3,2,1,348.445,2,0
2024-01-18,10,17,4178.24,20.39,382.37,12.88,4581.0,3,3,1,1,2,458.1,3,0
2024-01-19,12,21,4217.99,26.619999999999997,395.4,104.64,4640.01,2,0,5,2,3,386.6675,4,0
2024-01-20,15,41,8833.53,29.46,681.02,307.51,9544.01,6,4,1,3,1,636.2673333333333,5,0
2024-01-21,18,51,8656.81,26.06,713.03,112.14,9395.9,2,5,5,4,2,521.9944444444444,6,0
2024-01-22,9,21,3570.67,20.97,309.3,248.08,3900.94,2,4,0,1,2,433.4377777777778,0,0
2024-01-23,6,9,1259.48,22.03,130.11,0.0,1411.62,2,0,0,3,1,235.26999999999998,1,0
2024-01-24,7,14,4243.38,4.81,317.21999999999997,21.060000000000002,4565.410000000001,1,0,2,1,3,652.2014285714287,2,0
2024-01-25,16,29,4529.96,22.09,357.93,324.49,4909.98,0,2,5,6,3,306.87375,3,0
2024-01-26,11,25,9387.32,0.0,706.5799999999999,473.16999999999996,10093.9,1,2,3,4,1,917.6272727272727,4,0
2024-01-27,16,40,6619.78,29.86,562.62,213.82999999999998,7212.26,4,3,4,4,1,450.76625,5,0
2024-01-28,15,33,8195.38,41.71,576.68,57.83,8813.77,1,7,3,2,2,587.5846666666667,6,0
2024-01-29,14,29,5901.97,26.54,467.76,25.84,6396.2699999999995,2,2,2,4,4,456.87642857142856,0,0
2024-01-30,15,33,3470.94,37.129999999999995,228.67,259.49,3736.74,1,5,3,2,4,249.11599999999999,1,0
2024-01-31,14,34,9036.01,24.95,864.77,85.66,9925.73,4,1,4,3,2,708.9807142857143,2,0
2024-02-01,13,33,4399.34,29.009999999999998,397.9,44.62,4826.25,1,4,4,1,3,371.25,3,0
2024-02-02,15,31,6334.3,11.92,517.6,69.55,6863.82,0,3,3,5,4,457.58799999999997,4,0
2024-02-03,14,38,8366.289999999999,9.01,726.04,289.52,9101.34,4,2,2,3,3,650.0957142857143,5,0
2024-02-04,9,20,3986.94,18.69,409.38,0.0,4415.01,1,3,3,1,1,490.5566666666667,6,0
2024-02-05,6,9,2331.59,16.68,197.35,0.0,2545.62,0,0,5,1,0,424.27,0,0
2024-02-06,13,30,5885.96,35.41,533.48,100.26,6454.85,4,2,3,3,1,496.5269230769231,1,0
2024-02-07,7,8,1054.61,27.619999999999997,94.09,8.49,1176.32,1,0,2,2,2,168.04571428571427,2,0
2024-02-08,8,17,3447.1099999999997,0.0,241.05,44.05,3688.16,5,0,1,1,1,461.02,3,0
2024-02-09,7,12,2273.55,6.46,191.51999999999998,30.099999999999998,2471.53,4,0,2,0,1,353.0757142857143,4,0
2024-02-10,13,22,6004.240000000001,52.69,498.78999999999996,140.93,6555.72,0,3,3,4,3,504.28615384615387,5,0
2024-02-11,14,28,5728.71,57.94,387.67,319.44,6174.32,3,4,1,1,5,441.0228571428571,6,0
2024-02-12,9,25,4907.42,16.310000000000002,417.59999999999997,350.24,5341.33,2,2,1,1,3,593.4811111111111,0,0
2024-02-13,10,17,3595.1,26.91,331.96,127.93,3953.9700000000003,1,1,2,3,3,395.39700000000005,1,0
2024-02-14,11,19,4460.73,53.53,369.57,7.24,4883.83,0,3,2,3,3,443.98454545454547,2,0
2024-02-15,19,32,6237.15,72.81,473.13,316.94,6783.09,2,6,3,5,3,357.0047368421053,3,0
2024-02-16,15,30,5396.46,42.29,403.58,185.69,5842.33,3,1,2,7,2,389.4886666666667,4,0
2024-02-17,10,29,5635.2699999999995,11.79,474.8,46.21,6121.860000000001,0,1,3,2,4,612.186,5,0
2024-02-18,10,18,5071.84,39.58,432.56,90.47,5543.98,4,2,2,1,1,554.3979999999999,6,0
2024-02-19,13,32,5260.86,21.45,491.12,105.34,5773.43,2,2,1,5,3,444.11,0,1
2024-02-20,12,18,3983.08,29.37,382.56,47.36,4395.01,2,2,2,3,3,366.25083333333333,1,0
2024-02-21,13,28,5818.55,20.05,540.87,112.53,6379.47,2,4,4,2,1,490.72846153846154,2,0
2024-02-22,15,29,8334.35,15.41,674.29,131.77,9024.05,5,3,1,3,3,601.6033333333332,3,0
2024-02-23,10,26,5693.9400000000005,14.05,443.67,54.49,6151.66,0,3,1,1,5,615.1659999999999,4,0
2024-02-24,11,22,4735.23,22.82,419.39,10.02,5177.44,0,2,1,5,3,470.6763636363636,5,0
2024-02-25,8,16,4083.92,22.72,338.85,26.91,4445.49,3,3,0,2,0,555.68625,6,0
2024-02-26,11,21,4085.5800000000004,21.3,304.69,61.410000000000004,4411.57,3,1,3,3,1,401.05181818181813,0,0
2024-02-27,8,15,2536.33,29.560000000000002,232.31,24.15,2798.2,2,1,3,2,0,349.775,1,0
2024-02-28,11,20,3020.41,24.43,223.58,146.88,3268.42,2,4,1,2,2,297.1290909090909,2,0
2024-02-29,14,30,8096.95,0.0,586.89,108.58,8683.84,4,2,1,2,5,620.2742857142857,3,0
2024-03-01,11,24,5128.4,28.369999999999997,406.2,566.58,5562.97,2,2,5,1,1,505.7245454545455,4,0
2024-03-02,15,31,7356.1900000000005,28.22,704.71,0.0,8089.12,2,8,1,3,1,539.2746666666667,5,0
2024-03-03,12,25,5604.31,33.3,443.75,100.53,6081.36,0,3,2,4,3,506.78,6,0
2024-03-04,13,35,9192.95,7.61,769.83,148.44,9970.39,3,2,3,2,3,766.9530769230769,0,0
2024-03-05,12,25,5627.7699999999995,33.45,475.83,52.28,6137.05,4,4,1,2,1,511.42083333333335,1,0
2024-03-06,11,26,3743.31,16.66,270.64,62.8,4030.6099999999997,1,2,3,3,2,366.41909090909087,2,0
2024-03-07,10,19,3433.23,27.93,256.53,3.61,3717.69,2,2,2,1,3,371.769,3,0
2024-03-08,4,10,614.66,0.0,59.21,14.28,673.87,2,1,0,0,1,168.4675,4,0
2024-03-09,16,30,4564.38,40.16,423.35,328.7,5027.889999999999,3,4,5,3,1,314.24312499999996,5,0
2024-03-10,16,29,4753.18,35.92,378.44,178.1,5167.54,4,5,4,1,2,322.97125,6,0
2024-03-11,4,5,1882.47,11.58,156.34,274.22,2050.39,1,2,1,0,0,512.5975,0,0
2024-03-12,17,33,7348.44,25.93,702.21,140.4,8076.58,2,1,4,6,4,475.09294117647056,1,0
2024-03-13,11,22,5312.92,21.6,503.79,278.69,5838.3099999999995,3,0,2,4,2,530.7554545454545,2,0
2024-03-14,15,32,3905.5299999999997,19.02,346.25,42.2,4270.8,2,2,2,5,4,284.72,3,0
2024-03-15,9,13,1608.14,22.13,100.72999999999999,5.69,1731.0,1,2,1,3,2,192.33333333333334,4,0
2024-03-16,5,10,3146.65,21.009999999999998,298.59000000000003,52.21,3466.25,1,0,3,1,0,693.25,5,0
2024-03-17,12,35,8786.42,0.0,825.29,138.97,9611.71,2,2,2,3,3,800.9758333333333,6,0
2024-03-18,12,28,3775.81,13.55,332.23,178.25,4121.59,1,2,3,4,2,343.46583333333336,0,0
2024-03-19,12,22,5761.35,12.879999999999999,516.4300000000001,80.11,6290.66,1,3,1,4,3,524.2216666666667,1,0
2024-03-20,19,42,7119.629999999999,31.67,538.0,82.55000000000001,7689.3,3,3,3,3,7,404.7,2,0
2024-03-21,12,22,3988.28,51.32,369.94,55.01,4409.54,0,2,4,1,5,367.46166666666664,3,0
2024-03-22,12,24,7111.6900000000005,32.25,659.69,236.14,7803.63,3,1,5,2,1,650.3025,4,0
2024-03-23,8,14,1501.91,26.69,139.68,64.57,1668.28,2,1,3,1,1,208.535,5,0
2024-03-24,10,21,3889.4,13.52,340.55999999999995,0.0,4243.4800000000005,1,3,3,1,2,424.34800000000007,6,0
2024-03-25,13,28,4082.5,35.02,355.04,169.54999999999998,4472.56,4,2,6,0,1,344.04307692307697,0,0
2024-03-26,11,25,3459.41,24.98,298.84000000000003,64.45,3783.23,1,4,1,1,4,343.93,1,0
2024-03-27,17,39,8209.369999999999,32.61,891.47,205.74,9133.45,5,2,6,1,3,537.2617647058823,2,0
2024-03-28,12,21,4203.46,19.35,371.01,214.06,4593.82,2,1,3,2,4,382.8183333333333,3,0
2024-03-29,9,15,3568.5299999999997,38.93,294.57,29.16,3902.03,2,0,2,2,3,433.55888888888893,4,0
2024-03-30,8,16,2698.04,15.799999999999999,210.87,2.74,2924.71,3,1,1,1,2,365.58875,5,0
2024-03-31,12,30,9171.970000000001,34.72,666.2099999999999,33.36,9872.9,4,1,3,3,1,822.7416666666667,6,0
2024-04-01,10,14,4595.24,19.240000000000002,374.45000000000005,27.47,4988.93,0,3,4,1,2,498.89300000000003,0,0
2024-04-02,13,26,4402.08,40.2,394.18,25.65,4836.46,3,2,2,4,2,372.0353846153846,1,0
2024-04-03,15,37,9178.61,29.68,762.22,36.809999999999995,9970.51,2,3,2,1,7,664.7006666666667,2,0
2024-04-04,15,24,4993.13,37.17,452.56,19.5,5482.86,3,3,3,3,3,365.524,3,0
2024-04-05,17,36,4907.49,49.44,488.98,59.52,5445.91,2,6,1,5,3,320.3476470588235,4,0
2024-04-06,17,40,7157.929999999999,28.27,601.35,67.52000000000001,7787.55,5,5,3,2,2,458.09117647058827,5,0
2024-04-07,13,36,7114.49,42.97,608.09,118.52,7765.549999999999,5,1,1,2,4,597.3499999999999,6,0
2024-04-08,13,28,3867.27,21.34,362.34,12.72,4250.95,4,2,0,3,4,326.99615384615385,0,0
2024-04-09,12,25,7778.5599999999995,3.88,672.52,218.44,8454.96,1,4,3,1,3,704.5799999999999,1,0
2024-04-10,5,9,1808.33,0.0,173.95,0.0,1982.28,2,0,1,1,1,396.456,2,0
2024-04-11,14,34,6980.24,19.77,615.4,61.29,7615.41,3,4,3,1,3,543.9578571428572,3,0
2024-04-12,11,21,4214.96,8.71,388.17,98.7,4611.84,2,1,1,3,4,419.2581818181818,4,0
2024-04-13,12,27,5777.37,9.77,523.39,77.18,6310.53,4,2,3,1,2,525.8774999999999,5,0
2024-04-14,15,30,3188.12,41.0,276.34000000000003,211.25,3505.46,5,2,3,3,2,233.69733333333335,6,0
2024-04-15,10,25,4754.34,4.09,373.39,165.76000000000002,5131.82,1,7,0,0,2,513.182,0,0
2024-04-16,11,28,3526.0,36.04,332.53,67.76,3894.57,2,2,3,1,3,354.0518181818182,1,0
2024-04-17,13,23,4714.36,23.25,387.24,250.07000000000002,5124.85,0,4,6,1,2,394.2192307692308,2,0
2024-04-18,12,21,3303.73,30.200000000000003,250.05,74.75,3583.98,1,2,5,1,3,298.665,3,0
2024-04-19,18,43,6438.62,37.62,594.9,363.45,7071.14,2,5,3,4,4,392.8411111111111,4,0
2024-04-20,15,30,6717.2,26.16,658.14,51.790000000000006,7401.5,2,1,1,4,7,493.43333333333334,5,0
2024-04-21,11,18,1962.99,27.830000000000002,152.65,36.6,2143.4700000000003,2,2,2,1,4,194.8609090909091,6,0
2024-04-22,15,39,6598.16,20.84,560.8,88.67,7179.8,2,4,1,3,5,478.65333333333336,0,0
2024-04-23,8,21,4066.4,7.03,337.66,0.0,4411.09,2,1,1,3,1,551.38625,1,0
2024-04-24,15,30,7774.96,24.04,659.97,53.68000000000001,8458.97,1,4,3,5,2,563.9313333333333,2,0
2024-04-25,8,13,2210.13,42.83,202.23000000000002,156.10999999999999,2455.19,1,2,2,3,0,306.89875,3,0
2024-04-26,12,18,2144.49,39.69,204.66,0.0,2388.84,1,2,5,2,2,199.07000000000002,4,0
2024-04-27,17,35,7436.83,30.83,658.22,95.4,8125.879999999999,5,5,2,3,2,477.99294117647054,5,0
2024-04-28,9,17,2306.57,28.32,170.64,65.57,2505.5299999999997,0,2,3,2,2,278.3922222222222,6,0
2024-04-29,11,24,3875.2599999999998,5.07,375.34,102.18,4255.67,3,2,2,4,0,386.8790909090909,0,0
2024-04-30,11,28,3828.8999999999996,12.059999999999999,303.21999999999997,192.22,4144.18,3,2,2,2,2,376.74363636363637,1,0
2024-05-01,18,38,7751.67,26.990000000000002,708.18,276.09,8486.84,3,6,3,2,4,471.49111111111114,2,0
2024-05-02,6,9,1595.1100000000001,4.84,116.76,258.85,1716.71,1,1,3,1,0,286.11833333333334,3,0
2024-05-03,12,29,7569.47,15.219999999999999,679.9300000000001,181.44,8264.62,4,2,3,2,1,688.7183333333334,4,0
2024-05-04,11,19,3207.3,17.619999999999997,247.27,21.03,3472.19,2,1,2,2,4,315.6536363636364,5,0
2024-05-05,9,21,4406.47,16.54,356.33000000000004,416.23,4779.34,2,4,1,1,1,531.0377777777778,6,0
2024-05-06,12,19,3488.58,19.520000000000003,244.17,0.0,3752.27,3,1,1,1,6,312.68916666666667,0,0
2024-05-07,17,36,8775.57,17.78,789.47,119.8,9582.82,6,5,4,1,1,563.695294117647,1,0
2024-05-08,15,35,6581.4,23.41,569.27,50.599999999999994,7174.08,5,0,1,5,4,478.272,2,0
2024-05-09,13,29,5689.46,12.03,500.24,499.92,6201.7300000000005,1,3,4,4,1,477.0561538461539,3,0
2024-05-10,9,18,2963.2400000000002,7.58,262.23,0.0,3233.05,2,2,0,3,2,359.2277777777778,4,0
2024-05-11,11,23,3732.3999999999996,41.79,240.57,12.33,4014.76,3,3,0,4,1,364.97818181818184,5,0
2024-05-12,14,25,5867.42,10.38,549.1800000000001,41.47,6426.98,6,2,2,1,3,459.07,6,0
2024-05-13,17,30,8313.02,48.8,726.03,131.26999999999998,9087.85,2,7,1,5,2,534.5794117647059,0,0
2024-05-14,13,31,6320.2699999999995,19.56,633.3,30.970000000000002,6973.13,2,1,5,3,2,536.3946153846153,1,0
2024-05-15,4,9,1744.29,11.96,140.3,84.16,1896.55,1,0,1,1,1,474.1375,2,0
2024-05-16,13,26,7165.9400000000005,31.43,533.66,94.92,7731.03,2,4,2,3,2,594.6946153846154,3,0
2024-05-17,11,30,6485.06,25.36,566.66,348.7,7077.08,1,6,2,2,0,643.3709090909091,4,0
2024-05-18,13,19,5456.38,37.18,424.59000000000003,40.91,5918.15,5,3,1,2,2,455.2423076923077,5,0
2024-05-19,19,41,8574.43,24.740000000000002,672.3,159.25,9271.47,5,3,5,4,2,487.97210526315786,6,0
2024-05-20,11,18,4589.49,17.38,406.64,8.25,5013.51,6,1,1,2,1,455.7736363636364,0,0
2024-05-21,8,12,3750.85,5.95,366.11,31.96,4122.91,1,2,4,0,1,515.36375,1,0
2024-05-22,11,19,4142.9,34.2,318.6,54.91,4495.7,3,3,0,2,3,408.7,2,0
2024-05-23,10,12,2403.55,34.05,177.22,34.04,2614.8199999999997,1,3,2,2,2,261.48199999999997,3,0
2024-05-24,7,13,2133.34,23.87,203.4,0.78,2360.61,0,1,4,0,2,337.23,4,0
2024-05-25,7,16,3152.19,0.0,263.06,82.39,3415.25,3,2,0,0,2,487.89285714285717,5,0
2024-05-26,20,44,6757.03,37.65,493.7,207.76,7288.38,5,2,5,0,8,364.419,6,0
2024-05-27,10,24,3801.87,12.260000000000002,348.86,388.6,4162.99,3,5,0,0,2,416.299,0,1
2024-05-28,12,23,5479.25,15.11,461.82000000000005,27.77,5956.18,1,3,3,5,0,496.34833333333336,1,0
2024-05-29,16,29,7766.87,10.4,607.39,106.52,8384.66,2,3,4,3,4,524.04125,2,0
2024-05-30,11,22,5023.32,26.03,410.96000000000004,91.0,5460.31,4,1,0,4,2,496.3918181818182,3,0
2024-05-31,9,14,3352.99,14.190000000000001,307.14,32.269999999999996,3674.3199999999997,2,0,2,3,2,408.25777777777773,4,0
2024-06-01,13,22,4333.36,42.33,378.77000000000004,89.31,4754.46,2,3,5,1,2,365.72769230769234,5,0
2024-06-02,15,32,4538.24,17.43,374.66,129.01,4930.33,3,2,3,5,2,328.6886666666667,6,0
2024-06-03,13,32,7011.09,19.89,616.45,0.24,7647.43,1,1,5,3,3,588.2638461538462,0,0
2024-06-04,14,33,4662.36,30.93,340.41,24.95,5033.7,3,2,3,4,2,359.55,1,0
2024-06-05,11,21,3657.64,38.41,343.55,271.1,4039.6,2,0,1,5,3,367.23636363636365,2,0
2024-06-06,9,16,2330.73,24.72,183.48000000000002,18.31,2538.9300000000003,2,0,2,3,2,282.10333333333335,3,0
2024-06-07,9,21,6324.21,14.26,441.71,0.0,6780.18,2,1,2,2,2,753.3533333333334,4,0
2024-06-08,13,27,6313.14,4.94,580.4300000000001,387.75,6898.51,3,4,1,2,3,530.6546153846155,5,0
2024-06-09,12,24,5195.75,38.09,380.7,63.41,5614.54,2,3,3,3,1,467.87833333333333,6,0
2024-06-10,14,24,3584.97,56.74,345.65,3.85,3987.36,4,5,2,0,3,284.81142857142856,0,0
2024-06-11,10,19,2440.4100000000003,52.28,180.84,0.0,2673.53,3,5,0,0,2,267.353,1,0
2024-06-12,6,13,3304.86,8.93,290.05,0.0,3603.84,0,2,1,3,0,600.64,2,0
2024-06-13,11,23,9846.08,9.34,938.66,2.3,10794.08,0,0,4,2,5,981.28,3,0
2024-06-14,12,21,4785.18,53.71,340.68,38.94,5179.57,3,3,3,2,1,431.6308333333333,4,0
2024-06-15,12,24,3026.25,27.89,268.40999999999997,27.31,3322.55,4,2,2,4,0,276.87916666666666,5,0
2024-06-16,13,20,3855.67,48.56,361.39,9.17,4265.62,3,1,6,3,0,328.12461538461537,6,0
2024-06-17,12,20,4458.76,19.48,388.45,0.0,4866.6900000000005,4,1,2,3,2,405.55750000000006,0,0
2024-06-18,12,26,4709.64,5.84,378.24,388.91,5093.72,3,1,3,3,2,424.4766666666667,1,0
2024-06-19,18,40,7034.01,24.31,618.12,87.45,7676.4400000000005,4,3,5,5,1,426.4688888888889,2,1
2024-06-20,19,39,7232.18,29.83,629.93,55.99,7891.94,4,4,5,2,4,415.36526315789473,3,0
2024-06-21,10,24,3074.7799999999997,31.57,256.77,66.58,3363.12,0,2,4,3,1,336.312,4,0
2024-06-22,9,10,3051.41,25.810000000000002,308.98,294.62,3386.2,2,3,1,1,2,376.2444444444444,5,0
2024-06-23,18,39,9003.81,38.3,725.08,193.43,9767.19,4,2,4,5,3,542.6216666666667,6,0
2024-06-24,8,22,5470.41,0.0,476.72,126.48,5947.13,1,0,4,3,0,743.39125,0,0
2024-06-25,10,18,7938.59,13.16,604.3,88.59,8556.050000000001,6,0,0,2,2,855.6050000000001,1,0
2024-06-26,10,20,8534.57,18.18,809.87,83.0,9362.619999999999,3,2,1,3,1,936.262,2,0
2024-06-27,9,18,2524.25,29.97,210.98999999999998,76.24000000000001,2765.21,2,3,2,0,2,307.24555555555554,3,0
2024-06-28,16,27,4899.16,41.76,466.19,171.19,5407.110000000001,4,3,3,3,3,337.94437500000004,4,0
2024-06-29,9,20,3681.01,14.45,332.38,121.5,4027.84,1,4,1,2,1,447.5377777777778,5,0
2024-06-30,16,47,10020.84,13.14,728.14,347.74,10762.12,1,5,4,3,3,672.6325,6,0
2024-07-01,11,23,5285.62,31.35,368.01,87.41,5684.98,2,2,3,4,0,516.8163636363636,0,0
2024-07-02,7,19,3294.98,0.0,266.1,183.05,3561.08,1,3,1,2,0,508.7257142857143,1,0
2024-07-03,17,37,9525.47,41.93,757.28,498.94,10324.68,3,5,3,3,3,607.3341176470589,2,0
2024-07-04,12,25,3155.2400000000002,30.22,240.7,96.81,3426.16,3,0,4,2,3,285.5133333333333,3,1
2024-07-05,9,23,3883.48,13.61,315.63,143.92999999999998,4212.72,3,0,0,1,5,468.08000000000004,4,0
2024-07-06,7,21,3152.16,5.69,314.23,46.11,3472.08,0,4,1,2,0,496.01142857142855,5,0
2024-07-07,19,36,5868.0599999999995,40.35,467.06,307.83,6375.47,3,3,6,7,0,335.55105263157895,6,0
2024-07-08,13,25,4989.06,52.14,383.41,25.65,5424.610000000001,2,3,3,3,2,417.27769230769235,0,0
2024-07-09,13,23,4037.84,30.92,387.75,14.77,4456.51,3,2,3,1,4,342.80846153846153,1,0
2024-07-10,12,27,2902.25,34.35,258.22,58.760000000000005,3194.82,6,0,3,2,1,266.235,2,0
2024-07-11,10,23,4100.75,31.9,413.2,28.849999999999998,4545.85,3,2,0,4,1,454.58500000000004,3,0
2024-07-12,9,20,3222.14,30.67,231.57,67.21000000000001,3484.38,1,2,2,2,2,387.15333333333336,4,0
2024-07-13,12,22,4911.3,20.29,515.35,402.82,5446.94,2,2,4,1,3,453.91166666666663,5,0
2024-07-14,11,24,2758.08,44.26,183.0,22.33,2985.34,1,2,6,0,2,271.3945454545455,6,0
2024-07-15,13,31,8002.7300000000005,23.28,665.64,170.05,8691.65,4,2,4,0,3,668.5884615384615,0,0
2024-07-16,10,23,7950.16,28.94,610.94,652.12,8590.04,4,1,2,1,2,859.0040000000001,1,0
2024-07-17,11,20,3960.65,27.340000000000003,297.38,34.31,4285.37,1,3,1,2,4,389.5790909090909,2,0
2024-07-18,12,19,3265.4900000000002,40.68,312.71,43.67,3618.88,0,3,5,2,2,301.5733333333333,3,0
2024-07-19,12,27,6201.24,27.27,600.47,38.4,6828.98,4,5,2,0,1,569.0816666666666,4,0
2024-07-20,6,12,2788.15,8.27,239.95,30.67,3036.37,0,2,1,3,0,506.06166666666667,5,0
2024-07-21,12,22,4403.6,40.3,378.45,63.370000000000005,4822.35,3,2,4,2,1,401.8625,6,0
2024-07-22,7,16,1310.8799999999999,20.45,96.55999999999999,8.89,1427.8899999999999,1,2,3,1,0,203.9842857142857,0,0
2024-07-23,10,19,3637.34,17.2,288.53,3.45,3943.0699999999997,3,2,1,2,2,394.30699999999996,1,0
2024-07-24,10,19,3651.13,36.94,335.52,231.26999999999998,4023.59,4,2,1,0,3,402.35900000000004,2,0
2024-07-25,12,27,5801.82,6.74,575.1,103.86,6383.66,3,3,3,2,1,531.9716666666667,3,0
2024-07-26,12,26,4461.64,14.68,394.71999999999997,55.93,4871.04,4,2,1,4,1,405.92,4,0
2024-07-27,9,26,5642.389999999999,15.510000000000002,532.13,0.0,6190.03,1,2,4,1,1,687.781111111111,5,0
2024-07-28,13,27,4362.9400000000005,40.8,316.85,151.60999999999999,4720.59,1,1,6,3,2,363.1223076923077,6,0
2024-07-29,6,14,2418.5,0.0,217.97,65.91,2636.47,1,1,0,2,2,439.41166666666663,0,0
2024-07-30,11,25,3783.6400000000003,17.439999999999998,361.44,32.66,4162.5199999999995,2,4,1,2,2,378.41090909090906,1,0
2024-07-31,11,17,1383.58,42.53,101.22999999999999,0.0,1527.3400000000001,0,2,1,5,3,138.84909090909093,2,0
2024-08-01,7,17,3050.12,13.4,280.98,113.27000000000001,3344.5,0,2,2,1,2,477.7857142857143,3,0
2024-08-02,15,24,5617.17,42.269999999999996,571.63,13.19,6231.07,5,5,3,2,0,415.4046666666666,4,0
2024-08-03,9,27,4828.84,11.63,424.8,68.5,5265.27,0,3,1,2,3,585.0300000000001,5,0
2024-08-04,9,16,2899.19,16.8,220.69000000000003,29.61,3136.68,2,1,4,2,0,348.52,6,0
2024-08-05,13,35,6291.639999999999,9.96,580.14,54.07,6881.74,4,4,3,1,1,529.3646153846154,0,0
2024-08-06,9,16,4387.94,3.92,330.59,42.21,4722.45,4,2,0,3,0,524.7166666666667,1,0
2024-08-07,13,18,4033.69,42.53,356.94,15.36,4433.16,3,3,2,2,3,341.0123076923077,2,0
2024-08-08,14,33,7308.79,59.4,652.62,729.89,8020.81,1,6,3,0,4,572.9150000000001,3,0
2024-08-09,14,27,8661.87,19.14,696.67,136.38,9377.68,3,2,1,2,6,669.8342857142858,4,0
2024-08-10,8,8,644.89,53.61,46.89,110.85,745.39,1,1,1,1,4,93.17375,5,0
2024-08-11,15,32,5696.55,44.89,589.21,21.29,6330.650000000001,5,4,2,3,1,422.04333333333335,6,0
2024-08-12,10,23,7760.589999999999,9.469999999999999,593.97,3.5,8364.029999999999,3,1,2,1,3,836.4029999999999,0,0
2024-08-13,8,13,2205.35,23.67,188.01999999999998,226.32,2417.04,2,3,1,1,1,302.13,1,0
2024-08-14,15,31,9510.42,32.29,899.76,322.42999999999995,10442.470000000001,4,3,6,1,1,696.1646666666668,2,0
2024-08-15,12,24,3600.96,19.41,273.12,22.17,3893.4900000000002,3,4,2,2,1,324.45750000000004,3,0
2024-08-16,16,33,6245.84,12.24,511.36,255.50999999999996,6769.4400000000005,3,1,2,5,5,423.09000000000003,4,0
2024-08-17,11,27,3423.27,38.78,275.19,47.76,3737.2400000000002,3,2,2,1,3,339.7490909090909,5,0
2024-08-18,21,42,9255.07,55.37,786.77,124.98,10097.21,4,1,4,3,9,480.8195238095238,6,0
2024-08-19,12,21,4283.36,31.94,339.43,83.97999999999999,4654.73,1,2,6,1,2,387.89416666666665,0,0
2024-08-20,11,25,2916.3700000000003,41.58,257.92,38.03,3215.87,5,1,2,1,2,292.35181818181815,1,0
2024-08-21,12,29,4173.33,24.07,380.33,39.51,4577.73,1,2,4,3,2,381.47749999999996,2,0
2024-08-22,15,37,6401.87,11.55,497.1,100.44,6910.5199999999995,8,1,2,3,1,460.7013333333333,3,0
2024-08-23,12,22,3678.58,32.6,329.76,326.15999999999997,4040.94,3,4,2,1,2,336.745,4,0
2024-08-24,6,14,3989.63,0.0,371.10999999999996,0.0,4360.74,1,0,0,2,3,726.79,5,0
2024-08-25,16,33,7533.99,24.7,718.46,0.0,8277.15,2,3,3,4,4,517.321875,6,0
2024-08-26,14,26,4581.1,30.41,351.34000000000003,339.24,4962.85,7,2,0,3,2,354.48928571428576,0,0
2024-08-27,11,23,4799.87,22.03,400.44,9.44,5222.34,3,1,3,1,3,474.7581818181818,1,0
2024-08-28,5,9,2065.5600000000004,12.37,188.51,5.62,2266.44,1,2,1,0,1,453.288,2,0
2024-08-29,14,29,7457.1900000000005,23.06,712.34,60.809999999999995,8192.59,3,4,2,3,2,585.1850000000001,3,0
2024-08-30,8,11,2206.07,39.09,212.82999999999998,411.9,2457.99,3,1,3,1,0,307.24875,4,0
2024-08-31,9,20,4809.360000000001,12.7,395.02000000000004,84.99000000000001,5217.08,2,3,1,2,1,579.6755555555555,5,0
2024-09-01,8,24,5659.0199999999995,22.31,506.54999999999995,322.3,6187.879999999999,2,1,0,3,2,773.4849999999999,6,0
2024-09-02,12,23,4861.44,32.19,377.98,30.07,5271.61,2,5,2,2,1,439.3008333333333,0,1
2024-09-03,11,18,6081.72,16.799999999999997,396.42,127.79,6494.94,2,1,2,1,5,590.4490909090908,1,0
2024-09-04,8,13,1255.11,30.82,109.47,27.48,1395.4,2,1,1,2,2,174.425,2,0
2024-09-05,10,21,4360.26,18.799999999999997,379.49,99.06,4758.55,3,2,1,1,3,475.855,3,0
2024-09-06,9,17,4680.02,5.26,397.54,296.87,5082.82,1,3,0,3,2,564.7577777777777,4,0
2024-09-07,13,35,5648.18,11.7,427.98,35.56,6087.860000000001,0,4,0,7,2,468.2969230769231,5,0
2024-09-08,7,17,4279.17,6.4,395.5,1.78,4681.07,1,1,1,1,3,668.7242857142857,6,0
2024-09-09,8,19,2791.85,17.95,246.12,37.51,3055.92,4,1,1,1,1,381.99,0,0
2024-09-10,17,27,5032.11,31.2,477.64,63.4,5540.95,3,5,3,4,2,325.93823529411765,1,0
2024-09-11,9,19,3269.79,0.0,274.02,251.48000000000002,3543.81,2,1,2,4,0,393.75666666666666,2,0
2024-09-12,16,31,7258.2,21.98,586.09,160.35,7866.2699999999995,2,3,2,6,3,491.64187499999997,3,0
2024-09-13,16,43,8944.16,28.48,706.04,70.46,9678.68,3,1,5,1,6,604.9175,4,0
2024-09-14,16,36,4327.09,46.870000000000005,379.14,78.62,4753.1,4,3,1,6,2,297.06875,5,0
2024-09-15,6,9,1546.44,26.009999999999998,166.81,44.31,1739.26,2,0,1,2,1,289.87666666666667,6,0
2024-09-16,12,30,4684.64,12.17,404.54999999999995,131.82,5101.360000000001,3,3,0,3,3,425.1133333333334,0,0
2024-09-17,18,35,5769.29,50.77,537.58,22.830000000000002,6357.64,4,2,4,2,6,353.20222222222225,1,0
2024-09-18,13,23,4825.03,38.44,425.4,35.29,5288.87,5,1,4,3,0,406.8361538461538,2,0
2024-09-19,7,9,1687.74,16.599999999999998,110.71,0.0,1815.05,3,3,1,0,0,259.29285714285714,3,0
2024-09-20,9,15,2298.14,30.23,184.44,45.17,2512.81,2,4,1,0,2,279.2011111111111,4,0
2024-09-21,16,39,12277.24,11.12,951.1700000000001,104.51,13239.529999999999,3,2,3,3,5,827.4706249999999,5,0
2024-09-22,19,41,6943.83,47.6,505.86,42.95,7497.29,3,2,8,2,4,394.5942105263158,6,0
2024-09-23,17,37,4261.86,34.31,333.02,126.27,4629.19,1,4,5,5,2,272.305294117647,0,0
2024-09-24,19,40,6701.5,21.65,533.5600000000001,138.22,7256.71,1,4,8,3,3,381.9321052631579,1,0
2024-09-25,12,26,4718.35,21.28,360.77,207.95,5100.4,3,1,3,3,2,425.0333333333333,2,0
2024-09-26,15,27,2185.95,64.36,191.65,40.91,2441.96,2,2,6,2,3,162.79733333333334,3,0
2024-09-27,11,19,4845.99,33.8,470.81,9.79,5350.6,1,0,1,2,7,486.41818181818184,4,0
2024-09-28,15,30,4947.92,27.08,396.83,258.38,5371.83,3,0,4,5,3,358.122,5,0
2024-09-29,14,31,6430.07,25.84,573.97,131.76000000000002,7029.88,2,3,2,4,3,502.13428571428574,6,0
2024-09-30,12,26,6463.7699999999995,9.55,559.5699999999999,62.84,7032.889999999999,3,2,3,1,3,586.0741666666667,0,0
2024-10-01,14,35,6293.08,23.509999999999998,483.2,157.85,6799.79,1,2,3,2,6,485.69928571428574,1,0
2024-10-02,10,19,2207.47,26.01,163.35999999999999,4.63,2396.84,4,1,0,2,3,239.68400000000003,2,0
2024-10-03,11,23,3654.5,11.77,297.78,3.25,3964.0499999999997,2,3,1,3,2,360.36818181818177,3,0
2024-10-04,14,22,3905.7999999999997,30.44,378.01,73.64,4314.25,2,3,3,3,3,308.1607142857143,4,0
2024-10-05,18,33,7446.83,28.57,701.45,85.07000000000001,8176.85,4,2,4,6,2,454.26944444444445,5,0
2024-10-06,11,21,2549.16,14.4,192.9,101.22999999999999,2756.46,2,3,1,2,3,250.58727272727273,6,0
2024-10-07,13,24,5094.92,49.0,436.21000000000004,4.49,5580.13,1,3,2,4,3,429.2407692307692,0,0
2024-10-08,11,30,5444.05,19.29,489.93,185.37,5953.27,2,0,5,2,2,541.2063636363637,1,0
2024-10-09,16,35,6533.91,30.479999999999997,664.2,341.67999999999995,7228.59,6,3,4,3,0,451.786875,2,0
2024-10-10,10,27,6782.94,4.57,657.93,142.97,7445.44,2,1,4,2,1,744.544,3,0
2024-10-11,9,18,3970.37,25.58,327.09000000000003,29.54,4323.04,2,1,1,2,3,480.3377777777778,4,0
2024-10-12,7,14,2558.1400000000003,18.84,234.21,1.84,2811.1899999999996,1,2,0,2,2,401.59857142857135,5,0
2024-10-13,13,25,4330.77,21.0,364.08,26.79,4715.85,0,2,4,6,1,362.7576923076923,6,0
2024-10-14,11,26,7478.9,28.310000000000002,684.98,84.36,8192.19,2,1,4,3,1,744.7445454545455,0,1
2024-10-15,11,34,6644.01,10.780000000000001,629.61,211.03,7284.4,1,3,2,5,0,662.2181818181817,1,0
2024-10-16,10,20,3194.55,29.28,309.08,77.78,3532.91,2,3,2,2,1,353.291,2,0
2024-10-17,12,23,5694.89,15.72,449.65999999999997,105.34,6160.27,2,3,3,2,2,513.3558333333334,3,0
2024-10-18,19,36,6168.04,23.189999999999998,466.53,206.89,6657.76,4,3,1,3,8,350.4084210526316,4,0
2024-10-19,8,22,4675.24,7.71,401.87,598.3299999999999,5084.82,3,0,1,4,0,635.6025,5,0
2024-10-20,7,13,2501.7799999999997,10.26,233.07,4.11,2745.1099999999997,0,3,0,1,3,392.1585714285714,6,0
2024-10-21,10,14,3434.12,3.81,309.7,254.89,3747.63,2,4,0,1,3,374.76300000000003,0,0
2024-10-22,13,26,6025.07,18.45,561.34,3.22,6604.860000000001,3,1,2,4,3,508.0661538461539,1,0
2024-10-23,10,14,2568.75,62.36,268.16,39.58,2899.27,0,2,1,5,2,289.927,2,0
2024-10-24,14,35,7005.530000000001,12.05,562.9,70.94,7580.48,2,5,2,3,2,541.4628571428572,3,0
2024-10-25,16,39,4940.18,42.150000000000006,448.17,200.14000000000001,5430.5,3,1,1,8,3,339.40625,4,0
2024-10-26,13,28,5922.22,37.54,541.41,502.90999999999997,6501.17,1,2,2,2,6,500.09000000000003,5,0
2024-10-27,10,30,5628.32,10.94,462.24,283.33000000000004,6101.5,4,0,2,1,3,610.15,6,0
2024-10-28,13,37,5688.259999999999,25.57,418.57,114.94,6132.4,4,2,4,1,2,471.7230769230769,0,0
2024-10-29,10,22,2101.3599999999997,29.34,198.8,72.11,2329.5,3,3,0,2,2,232.95,1,0
2024-10-30,6,13,2920.8599999999997,11.99,189.13,0.0,3121.98,1,0,1,2,2,520.33,2,0
2024-10-31,8,12,2241.6099999999997,15.98,209.56,41.38,2467.15,1,3,3,0,1,308.39375,3,0
2024-11-01,17,31,6834.8099999999995,49.92,550.86,53.15,7435.59,6,3,3,2,3,437.3876470588235,4,0
2024-11-02,13,19,4080.73,38.839999999999996,406.97,7.64,4526.54,3,4,2,1,3,348.1953846153846,5,0
2024-11-03,13,23,4686.150000000001,48.760000000000005,396.23,74.69999999999999,5131.14,6,4,2,1,0,394.70307692307694,6,0
2024-11-04,10,18,3344.55,28.169999999999998,298.37,26.66,3671.09,3,1,2,1,3,367.10900000000004,0,0
2024-11-05,14,26,10542.46,42.19,683.17,16.51,11267.82,5,4,2,1,2,804.8442857142857,1,0
2024-11-06,14,31,7195.3099999999995,28.83,582.6800000000001,307.77,7806.82,2,3,2,4,3,557.63,2,0
2024-11-07,4,16,1557.38,0.0,109.54,48.989999999999995,1666.92,0,1,2,1,0,416.73,3,0
2024-11-08,12,23,4225.34,23.95,364.34000000000003,51.769999999999996,4613.63,6,2,1,1,2,384.4691666666667,4,0
2024-11-09,6,8,1259.5800000000002,29.990000000000002,113.52999999999999,1.9,1403.1000000000001,1,1,3,1,0,233.85000000000002,5,0
2024-11-10,12,26,5811.7,15.27,471.37,207.65,6298.34,1,2,3,4,2,524.8616666666667,6,0
2024-11-11,15,33,6401.92,19.15,571.38,9.21,6992.45,4,2,4,2,3,466.1633333333333,0,1
2024-11-12,19,38,8156.21,45.04,681.5,139.54000000000002,8882.75,4,5,3,5,2,467.5131578947368,1,0
2024-11-13,14,33,7876.74,41.42,740.0,197.94000000000003,8658.16,2,2,5,2,3,618.4399999999999,2,0
2024-11-14,4,8,1340.2800000000002,0.0,99.39,0.0,1439.67,1,1,0,2,0,359.9175,3,0
2024-11-15,9,24,2543.5699999999997,9.870000000000001,259.38,61.49999999999999,2812.8199999999997,1,0,2,5,1,312.5355555555555,4,0
2024-11-16,8,15,1892.48,22.3,136.86,34.11,2051.64,3,3,0,0,2,256.455,5,0
2024-11-17,12,24,2994.87,61.06,224.85,94.58,3280.78,1,4,0,4,3,273.39833333333337,6,0
2024-11-18,7,15,1892.79,18.41,198.39,59.92,2109.59,0,1,3,3,0,301.37,0,0
2024-11-19,11,23,4988.030000000001,8.969999999999999,377.73,128.65,5374.7300000000005,1,3,2,3,2,488.61181818181825,1,0
2024-11-20,11,21,4866.88,8.43,398.64,239.43,5273.95,1,4,2,1,3,479.45,2,0
2024-11-21,8,19,3047.74,11.43,281.22,156.29,3340.39,2,2,0,0,4,417.54875,3,0
2024-11-22,13,32,4701.7300000000005,15.809999999999999,370.68,141.29,5088.22,2,1,5,4,1,391.4015384615385,4,0
2024-11-23,15,30,5919.09,28.9,384.02,113.34,6332.01,4,2,4,2,3,422.134,5,0
2024-11-24,9,18,4951.44,11.32,445.12,0.0,5407.88,2,5,0,2,0,600.8755555555556,6,0
2024-11-25,8,21,3490.18,0.0,356.57,0.0,3846.75,2,0,1,4,1,480.84375,0,0
2024-11-26,7,12,2521.67,26.65,245.67,4.33,2793.99,2,1,2,1,1,399.14142857142855,1,0
2024-11-27,7,14,2785.94,7.32,228.68,0.0,3021.94,2,0,0,1,4,431.7057142857143,2,0
2024-11-28,10,23,4982.1,16.05,419.8,378.88,5417.95,1,3,4,0,2,541.795,3,1
2024-11-29,9,15,2175.84,24.46,151.48,64.57,2351.78,3,1,1,2,2,261.30888888888893,4,0
2024-11-30,11,15,4188.27,27.46,411.55,148.12,4627.28,1,3,4,1,2,420.66181818181815,5,0
2024-12-01,11,27,4747.2300000000005,9.6,327.52,91.30000000000001,5084.35,3,3,1,2,2,462.2136363636364,6,0
2024-12-02,12,34,5412.2,32.56,422.19,8.42,5866.95,3,1,5,2,1,488.91249999999997,0,0
2024-12-03,10,26,6808.58,0.0,670.67,156.61,7479.25,2,3,3,0,2,747.925,1,0
2024-12-04,17,36,5901.19,16.68,460.96000000000004,183.76,6378.83,5,5,4,3,0,375.2252941176471,2,0
2024-12-05,17,31,4646.89,48.75,382.40999999999997,596.9300000000001,5078.05,0,5,3,4,5,298.7088235294118,3,0
2024-12-06,14,31,6687.58,33.08,528.48,49.349999999999994,7249.139999999999,2,7,2,1,2,517.7957142857142,4,0
2024-12-07,10,21,2213.96,21.1,149.64,189.76,2384.7,5,1,1,1,2,238.46999999999997,5,0
2024-12-08,7,10,1845.18,9.83,161.97000000000003,0.0,2016.98,1,1,2,1,2,288.14,6,0
2024-12-09,4,5,1901.58,0.0,163.8,0.0,2065.38,1,0,1,0,2,516.345,0,0
2024-12-10,9,21,4691.58,16.22,420.66999999999996,56.519999999999996,5128.47,3,1,2,1,2,569.83,1,0
2024-12-11,10,19,3122.87,30.479999999999997,262.03,46.72,3415.38,2,2,3,1,2,341.538,2,0
2024-12-12,14,35,8277.539999999999,29.27,579.59,352.07,8886.4,5,3,1,2,3,634.7428571428571,3,0
2024-12-13,13,23,2648.18,50.849999999999994,263.69,7.38,2962.72,6,3,3,1,0,227.90153846153845,4,0
2024-12-14,10,17,2858.3799999999997,49.38,255.34,24.96,3163.1,2,3,2,2,1,316.31,5,0
2024-12-15,15,27,4698.849999999999,41.85,420.28000000000003,702.67,5160.9800000000005,4,0,4,3,4,344.06533333333334,6,0
2024-12-16,13,26,5956.5599999999995,35.34,539.89,275.01,6531.79,6,3,3,0,1,502.4453846153846,0,0
2024-12-17,12,24,1817.57,45.68,129.7,172.01,1992.95,4,1,2,2,3,166.07916666666668,1,0
2024-12-18,7,14,2190.8700000000003,37.58,188.76000000000002,40.29,2417.21,2,0,2,2,1,345.3157142857143,2,0
2024-12-19,8,16,2488.36,17.439999999999998,171.97,1.78,2677.77,3,2,2,1,0,334.72125,3,0
2024-12-20,15,26,3011.93,52.36,236.85,217.03,3301.14,2,3,5,1,4,220.076,4,0
2024-12-21,10,20,2221.96,22.53,203.97,9.56,2448.46,1,3,1,4,1,244.846,5,0
2024-12-22,13,41,8180.91,13.23,718.85,183.48,8912.99,1,1,3,3,5,685.6146153846154,6,0
2024-12-23,8,19,2845.67,15.25,231.10999999999999,21.73,3092.0299999999997,1,2,0,3,2,386.50374999999997,0,0
2024-12-24,13,19,3733.71,64.24000000000001,295.47,55.410000000000004,4093.42,0,7,3,2,1,314.8784615384615,1,0
2024-12-25,7,14,2982.87,17.02,325.19,0.0,3325.08,0,1,1,2,3,475.01142857142855,2,1
2024-12-26,3,8,686.1700000000001,0.0,41.900000000000006,0.0,728.0699999999999,2,0,1,0,0,242.68999999999997,3,0
2024-12-27,19,33,7248.34,53.85,552.09,6.7,7854.280000000001,2,3,8,4,2,413.3831578947369,4,0
2024-12-28,12,25,6734.45,18.82,523.66,0.0,7276.93,3,2,1,4,2,606.4108333333334,5,0
2024-12-29,7,15,2640.9300000000003,18.07,193.81,4.92,2852.81,2,1,1,2,1,407.5442857142857,6,0
2024-12-30,14,41,6747.59,13.22,629.63,370.23,7390.4400000000005,1,6,1,2,4,527.8885714285715,0,0
2024-12-31,14,31,4891.1,28.56,468.86,170.19,5388.52,2,4,1,2,5,384.89428571428573,1,0
2025-01-01,13,32,5988.81,27.240000000000002,598.76,264.40999999999997,6614.8099999999995,3,4,1,4,1,508.8315384615384,2,1
2025-01-02,13,28,6144.55,19.02,524.14,207.74,6687.71,2,3,0,3,5,514.4392307692308,3,0
2025-01-03,14,25,5696.98,24.42,472.96999999999997,65.06,6194.37,4,3,4,1,2,442.455,4,0
2025-01-04,12,33,6966.54,6.3,496.87,103.51,7469.71,5,1,2,3,1,622.4758333333333,5,0
2025-01-05,14,38,8764.39,28.67,770.32,171.45,9563.380000000001,1,0,5,5,3,683.0985714285715,6,0
2025-01-06,11,28,5551.860000000001,9.719999999999999,435.34999999999997,252.12,5996.93,1,2,3,3,2,545.1754545454546,0,0
2025-01-07,10,23,5119.84,10.17,465.76,242.57000000000002,5595.7699999999995,2,3,1,1,3,559.577,1,0
2025-01-08,12,26,5046.81,28.73,447.99,30.0,5523.53,0,3,4,2,3,460.2941666666666,2,0
2025-01-09,9,21,4222.25,8.34,294.87,428.95,4525.46,0,3,2,1,3,502.8288888888889,3,0
2025-01-10,7,13,3137.4700000000003,22.98,288.84000000000003,8.39,3449.29,1,1,1,2,2,492.7557142857143,4,0
2025-01-11,14,22,3128.2,37.410000000000004,295.6,9.93,3461.21,3,4,1,4,2,247.2292857142857,5,0
2025-01-12,11,22,3499.21,21.03,303.27,1.97,3823.51,3,2,2,2,2,347.5918181818182,6,0
2025-01-13,17,44,7805.29,17.32,654.33,205.87,8476.94,4,4,4,1,4,498.64352941176475,0,0
2025-01-14,7,15,1596.83,25.71,142.1,10.12,1764.6399999999999,2,3,0,2,0,252.09142857142857,1,0
2025-01-15,10,31,6110.7,0.0,560.46,24.3,6671.16,3,3,1,3,0,667.116,2,0
2025-01-16,16,36,7968.49,10.78,697.59,35.84,8676.859999999999,3,2,7,1,3,542.3037499999999,3,0
2025-01-17,10,19,4413.04,37.07,349.91,159.18000000000004,4800.02,3,4,1,1,1,480.00200000000007,4,0
2025-01-18,9,22,5587.13,23.17,491.12,125.72,6101.419999999999,1,1,2,3,2,677.9355555555554,5,0
2025-01-19,9,23,5389.200000000001,28.63,427.0,197.66,5844.83,2,2,2,1,2,649.4255555555555,6,0
2025-01-20,9,19,2957.0699999999997,6.14,207.95,12.58,3171.16,2,4,0,1,2,352.3511111111111,0,1
2025-01-21,18,42,6356.58,26.92,621.7,120.31,7005.2,6,4,4,3,1,389.17777777777775,1,0
2025-01-22,8,18,2658.85,10.399999999999999,207.98,11.82,2877.23,0,4,0,2,2,359.65375,2,0
2025-01-23,14,32,4031.17,24.37,299.88,176.62,4355.42,2,3,4,3,2,311.1014285714286,3,0
2025-01-24,11,22,4537.21,21.89,354.4,14.71,4913.5,1,2,2,2,4,446.6818181818182,4,0
2025-01-25,18,38,7337.93,49.83,643.39,253.64000000000001,8031.15,4,4,3,5,2,446.17499999999995,5,0
2025-01-26,16,32,3805.0,33.6,321.97,31.479999999999997,4160.57,5,6,0,4,1,260.035625,6,0
2025-01-27,17,37,7721.110000000001,25.53,764.87,250.70999999999998,8511.51,4,2,3,5,3,500.6770588235294,0,0
2025-01-28,13,28,4224.28,23.990000000000002,375.09,224.14,4623.36,2,5,3,2,1,355.6430769230769,1,0
2025-01-29,17,31,3672.53,28.229999999999997,336.21999999999997,120.85000000000001,4036.98,5,3,1,6,2,237.46941176470588,2,0
2025-01-30,9,24,4714.04,20.380000000000003,394.40999999999997,0.0,5128.83,3,0,0,5,1,569.87,3,0
2025-01-31,12,33,8086.0199999999995,19.96,692.5,67.82000000000001,8798.48,0,3,3,4,2,733.2066666666666,4,0
2025-02-01,8,16,3346.25,24.22,325.74,177.75,3696.21,2,3,1,0,2,462.02625,5,0
2025-02-02,12,24,5735.19,47.58,484.59000000000003,0.0,6267.36,0,3,3,4,2,522.28,6,0
2025-02-03,10,18,2829.27,46.28,242.56,32.21,3118.11,2,2,0,3,3,311.81100000000004,0,0
2025-02-04,8,22,7091.66,14.899999999999999,464.13,97.58999999999999,7570.69,2,1,0,1,4,946.33625,1,0
2025-02-05,11,19,2897.34,23.84,246.51,13.42,3167.69,1,4,2,2,2,287.9718181818182,2,0
2025-02-06,10,18,3275.51,29.52,276.26,2.23,3581.29,1,1,1,6,1,358.129,3,0
2025-02-07,12,29,8676.92,26.22,898.51,128.25,9601.65,1,6,2,1,2,800.1374999999999,4,0
2025-02-08,15,30,8065.13,20.22,726.69,102.24000000000001,8812.04,2,6,2,2,3,587.4693333333333,5,0
2025-02-09,11,18,4143.93,10.34,385.93,25.46,4540.2,0,3,3,4,1,412.74545454545455,6,0
2025-02-10,13,30,2574.57,70.78999999999999,259.05,134.47,2904.41,4,3,2,2,2,223.41615384615383,0,0
2025-02-11,10,23,3361.4700000000003,8.41,240.53,0.0,3610.41,5,1,2,1,1,361.041,1,0
2025-02-12,8,12,1490.23,17.05,134.43,24.37,1641.71,1,1,3,1,2,205.21375,2,0
2025-02-13,14,36,6482.88,26.07,472.9,139.8,6981.85,5,3,0,3,3,498.7035714285715,3,0
2025-02-14,7,21,3622.9100000000003,11.47,351.01,88.57,3985.39,4,1,1,0,1,569.3414285714285,4,0
2025-02-15,12,20,4407.95,47.84,359.59,188.9,4815.38,1,1,4,3,3,401.2816666666667,5,0
2025-02-16,15,27,5148.07,30.57,432.22999999999996,13.9,5610.87,4,1,3,1,6,374.058,6,0
2025-02-17,13,19,4979.8,35.120000000000005,436.87,140.34,5451.79,2,2,4,3,2,419.36846153846153,0,1
2025-02-18,11,17,4992.22,27.810000000000002,416.56,112.5,5436.59,2,4,3,1,1,494.23545454545456,1,0
2025-02-19,10,19,7024.5,0.0,559.85,52.160000000000004,7584.349999999999,0,1,5,1,3,758.435,2,0
2025-02-20,10,30,3317.9399999999996,20.88,290.18,88.32,3629.0,0,0,2,3,5,362.9,3,0
2025-02-21,14,22,5211.89,38.23,505.20000000000005,280.31,5755.32,2,6,1,4,1,411.0942857142857,4,0
2025-02-22,8,18,2601.77,21.2,244.97,144.75,2867.94,0,2,1,2,3,358.4925,5,0
2025-02-23,15,31,6150.51,23.77,500.15,62.04,6674.43,3,4,3,1,4,444.96200000000005,6,0
2025-02-24,16,31,6711.44,13.15,517.99,121.4,7242.58,5,1,4,1,5,452.66125,0,0
2025-02-25,10,17,2539.91,24.18,243.24999999999997,24.86,2807.3399999999997,1,2,2,2,3,280.734,1,0
2025-02-26,8,14,1550.05,12.43,127.49,29.09,1689.97,0,2,3,1,2,211.24625,2,0
2025-02-27,14,43,6416.86,8.89,554.6,169.12,6980.349999999999,4,4,1,2,3,498.59642857142853,3,0
2025-02-28,8,14,2986.87,15.53,292.8,354.77,3295.2,0,3,1,2,2,411.9,4,0
2025-03-01,13,30,5562.66,15.46,443.86,263.29999999999995,6021.98,2,5,2,2,2,463.22923076923075,5,0
2025-03-02,11,24,4009.01,34.46,400.08,72.48,4443.55,2,5,1,2,1,403.95909090909095,6,0
2025-03-03,9,22,2909.9500000000003,6.45,265.46,161.07999999999998,3181.86,0,3,2,3,1,353.54,0,0
2025-03-04,15,23,6153.97,35.44,570.17,16.86,6759.58,4,2,2,4,3,450.63866666666667,1,0
2025-03-05,9,18,2403.67,24.19,215.91,46.81,2643.77,2,2,1,1,3,293.7522222222222,2,0
2025-03-06,8,21,3706.89,22.810000000000002,274.56,151.91,4004.2599999999998,1,1,1,1,4,500.53249999999997,3,0
2025-03-07,19,31,9008.46,25.34,779.8299999999999,372.21000000000004,9813.630000000001,4,5,2,3,5,516.5068421052632,4,0
2025-03-08,7,14,2458.68,9.12,192.43,64.63,2660.23,2,0,1,1,3,380.03285714285715,5,0
2025-03-09,12,25,3752.58,16.93,260.81,21.34,4030.3199999999997,3,3,3,0,3,335.85999999999996,6,0
2025-03-10,12,25,4986.1900000000005,40.45,447.92,51.07,5474.5599999999995,2,3,3,3,1,456.2133333333333,0,0
2025-03-11,14,26,4657.03,25.11,403.81,20.08,5085.95,0,0,3,6,5,363.28214285714284,1,0
2025-03-12,5,8,1967.52,11.18,168.56,22.45,2147.26,0,2,0,2,1,429.45200000000006,2,0
2025-03-13,13,35,8132.76,9.25,722.9399999999999,151.35999999999999,8864.95,3,2,2,5,1,681.9192307692308,3,0
2025-03-14,6,17,2415.8900000000003,0.0,225.57,0.0,2641.46,0,3,1,2,0,440.24333333333334,4,0
2025-03-15,12,21,5144.15,32.660000000000004,302.65999999999997,18.19,5479.469999999999,3,2,2,4,1,456.62249999999995,5,0
2025-03-16,11,23,3982.25,9.82,366.82,15.1,4358.889999999999,5,0,2,0,4,396.2627272727272,6,0
2025-03-17,14,32,10187.72,11.19,973.67,207.99,11172.58,8,2,1,2,1,798.0414285714286,0,0
2025-03-18,9,21,2684.55,23.53,245.46,148.7,2953.54,1,3,1,3,1,328.1711111111111,1,0
2025-03-19,6,13,3136.4300000000003,10.22,283.82,186.92000000000002,3430.4700000000003,1,2,1,0,2,571.745,2,0
2025-03-20,10,29,4119.97,14.88,423.35,152.5,4558.2,3,1,3,1,2,455.82,3,0
2025-03-21,8,18,3497.79,3.62,237.46999999999997,255.00000000000003,3738.88,1,2,4,0,1,467.36,4,0
2025-03-22,5,7,408.9,46.730000000000004,36.769999999999996,13.13,492.4,0,1,1,1,2,98.47999999999999,5,0
2025-03-23,10,33,6096.32,27.35,521.3,50.739999999999995,6644.97,5,2,1,0,2,664.4970000000001,6,0
2025-03-24,6,11,1419.73,15.22,129.4,5.48,1564.35,1,0,1,2,2,260.72499999999997,0,0
2025-03-25,11,24,3880.2799999999997,15.25,309.43,164.87,4204.96,2,1,4,0,4,382.2690909090909,1,0
2025-03-26,15,36,7225.98,24.160000000000004,640.65,127.78,7890.79,4,4,4,2,1,526.0526666666667,2,0
2025-03-27,14,25,5066.9400000000005,39.88,494.77000000000004,242.91,5601.59,3,2,2,6,1,400.11357142857145,3,0
2025-03-28,10,13,1909.1399999999999,28.77,145.26,64.01,2083.17,2,2,4,1,1,208.317,4,0
2025-03-29,12,22,5126.79,27.22,395.2,41.730000000000004,5549.21,4,4,2,1,1,462.43416666666667,5,0
2025-03-30,15,29,5423.97,27.67,484.72,80.51,5936.360000000001,2,4,2,4,3,395.75733333333335,6,0
2025-03-31,11,21,5120.51,29.15,472.30000000000007,74.66,5621.96,3,1,3,2,2,511.0872727272727,0,0
2025-04-01,17,38,6114.25,14.0,470.01,127.53,6598.26,5,3,4,1,4,388.1329411764706,1,0
2025-04-02,15,29,8927.51,32.8,681.53,66.33,9641.84,1,3,2,7,2,642.7893333333334,2,0
2025-04-03,9,15,2810.16,7.54,207.07999999999998,451.46,3024.78,0,1,2,1,5,336.0866666666667,3,0
2025-04-04,8,20,4127.5599999999995,18.04,279.5,62.93,4425.1,1,2,2,0,3,553.1375,4,0
2025-04-05,13,35,7210.79,11.37,493.51,404.15999999999997,7715.67,2,5,1,2,3,593.5130769230769,5,0
2025-04-06,10,25,4902.13,6.31,452.28000000000003,190.3,5360.72,1,3,2,2,2,536.072,6,0
2025-04-07,6,19,2171.8900000000003,20.08,194.35999999999999,178.07999999999998,2386.33,1,1,0,3,1,397.72166666666664,0,0
2025-04-08,8,20,2899.0299999999997,15.49,301.27,183.44,3215.79,1,2,1,1,3,401.97375,1,0
2025-04-09,6,11,1337.54,9.76,104.68,72.28,1451.98,3,2,0,1,0,241.99666666666667,2,0
2025-04-10,13,20,2711.0099999999998,23.93,233.37,26.66,2968.31,1,3,3,2,4,228.33153846153846,3,0
2025-04-11,13,26,3056.39,23.86,267.8,43.519999999999996,3348.0499999999997,2,3,4,2,2,257.54230769230765,4,0
2025-04-12,16,25,2833.82,41.68,254.58,198.68,3130.08,3,2,3,6,2,195.63,5,0
2025-04-13,16,33,6295.04,41.78,505.32,360.14,6842.14,3,1,2,8,2,427.63375,6,0
2025-04-14,13,22,6399.13,41.03,529.35,110.3,6969.51,5,2,2,2,2,536.1161538461539,0,0
2025-04-15,11,35,6115.049999999999,27.27,561.12,146.22000000000003,6703.44,3,0,2,5,1,609.4036363636363,1,0
2025-04-16,11,21,3440.55,29.71,329.72,72.31,3799.9800000000005,1,3,2,1,4,345.4527272727273,2,0
2025-04-17,11,25,4248.66,28.900000000000002,348.05,11.58,4625.610000000001,3,2,0,3,3,420.51000000000005,3,0
2025-04-18,7,16,3118.34,8.78,297.0,146.57,3424.12,2,2,0,1,2,489.15999999999997,4,0
2025-04-19,15,27,2490.0,43.97,219.39,75.79,2753.36,1,4,4,2,4,183.55733333333333,5,0
2025-04-20,15,25,4263.01,37.47,371.12,44.34,4671.6,2,2,3,2,6,311.44,6,0
2025-04-21,16,26,6731.7300000000005,35.77,645.4499999999999,80.21000000000001,7412.95,2,5,2,4,3,463.309375,0,0
2025-04-22,7,12,1843.19,11.16,133.9,29.36,1988.25,1,1,1,0,4,284.0357142857143,1,0
2025-04-23,16,40,12069.04,27.38,937.31,130.49,13033.73,3,3,5,2,3,814.608125,2,0
2025-04-24,15,35,7465.46,46.12,710.7,84.66,8222.28,2,5,1,1,6,548.152,3,0
2025-04-25,11,24,5355.200000000001,26.83,385.97,25.43,5768.0,2,2,2,3,2,524.3636363636364,4,0
2025-04-26,9,21,3581.7000000000003,8.2,292.81,150.09,3882.71,3,2,3,0,1,431.4122222222222,5,0
2025-04-27,5,9,2180.38,8.92,217.38,18.56,2406.68,2,1,0,0,2,481.33599999999996,6,0
2025-04-28,16,37,6643.79,27.08,498.83000000000004,84.32,7169.7,2,2,4,3,5,448.10625,0,0
2025-04-29,11,21,5383.89,31.9,522.3,39.93,5938.09,3,2,2,2,2,539.8263636363637,1,0
2025-04-30,11,23,5037.79,4.07,411.05,100.47,5452.91,1,2,1,7,0,495.7190909090909,2,0
2025-05-01,8,14,2887.04,18.62,225.13,0.0,3130.79,2,2,0,3,1,391.34875,3,0
2025-05-02,14,35,5011.06,23.45,437.45,97.65,5471.96,6,3,1,2,2,390.8542857142857,4,0
2025-05-03,12,26,4223.95,43.019999999999996,373.33,3.31,4640.3,3,3,1,2,3,386.69166666666666,5,0
2025-05-04,12,29,5126.08,14.07,402.96000000000004,143.08,5543.11,3,3,0,2,4,461.9258333333333,6,0
2025-05-05,13,23,3709.82,48.01,345.6,22.75,4103.43,5,2,3,1,2,315.64846153846156,0,0
2025-05-06,9,24,3024.5699999999997,7.71,282.58,63.98,3314.8599999999997,2,1,2,2,2,368.31777777777774,1,0
2025-05-07,12,25,5757.95,5.46,499.86,77.34,6263.2699999999995,3,3,3,1,2,521.9391666666667,2,0
2025-05-08,16,30,5481.59,46.66,444.66,68.07,5972.91,4,3,2,4,3,373.306875,3,0
2025-05-09,14,34,7141.68,9.5,646.54,724.4399999999999,7797.719999999999,3,2,3,4,2,556.9799999999999,4,0
2025-05-10,15,44,8755.55,6.35,691.1,104.87,9453.0,2,1,2,6,4,630.2,5,0
2025-05-11,11,27,4736.14,29.89,394.75,7.29,5160.78,2,3,1,3,2,469.16181818181815,6,0
2025-05-12,7,15,2926.52,9.44,198.44,74.78,3134.3999999999996,1,0,2,2,2,447.77142857142854,0,0
2025-05-13,14,21,3939.05,59.73,293.49,3.26,4292.27,1,3,2,6,2,306.59071428571434,1,0
2025-05-14,14,22,6417.99,35.22,522.58,25.23,6975.79,3,6,4,0,1,498.2707142857143,2,0
2025-05-15,16,33,5383.51,28.43,500.59999999999997,21.71,5912.54,2,2,3,6,3,369.53375,3,0
2025-05-16,11,25,2864.24,26.34,306.82,1.98,3197.4,3,2,3,2,1,290.6727272727273,4,0
2025-05-17,9,13,2907.99,15.870000000000001,244.45999999999998,233.06,3168.32,0,3,0,4,2,352.03555555555556,5,0
2025-05-18,13,27,4621.88,15.74,393.96999999999997,229.19,5031.59,3,1,3,3,3,387.04538461538465,6,0
2025-05-19,14,27,6891.0199999999995,29.189999999999998,586.0,172.88,7506.21,2,4,2,1,5,536.1578571428571,0,0
2025-05-20,9,23,8475.44,20.79,562.3000000000001,549.52,9058.529999999999,1,4,2,2,0,1006.5033333333332,1,0
2025-05-21,12,21,3525.26,18.1,247.59,113.22,3790.9500000000003,3,3,1,3,2,315.9125,2,0
2025-05-22,13,28,3228.39,13.91,285.65,52.54,3527.95,2,1,2,2,6,271.3807692307692,3,0
2025-05-23,9,22,4172.44,6.48,395.89,50.67,4574.81,2,1,2,2,2,508.31222222222226,4,0
2025-05-24,14,33,4629.66,31.130000000000003,414.90000000000003,405.37,5075.6900000000005,5,2,3,1,3,362.54928571428576,5,0
2025-05-25,9,19,3895.86,15.650000000000002,287.7,10.45,4199.21,0,4,2,3,0,466.5788888888889,6,0
2025-05-26,6,12,1383.8600000000001,19.03,87.51,71.18,1490.4,1,2,3,0,0,248.4,0,1
2025-05-27,10,20,4025.5,10.54,327.69,339.53999999999996,4363.7300000000005,1,4,3,0,2,436.37300000000005,1,0
2025-05-28,13,31,7299.28,3.87,502.35,728.01,7805.5,3,1,1,5,3,600.4230769230769,2,0
2025-05-29,11,30,4511.87,0.0,379.92,141.28,4891.79,3,1,4,2,1,444.7081818181818,3,0
2025-05-30,10,25,3642.9700000000003,7.78,351.82,102.05,4002.57,1,2,2,1,4,400.257,4,0
2025-05-31,11,22,5934.66,16.740000000000002,454.55,225.64000000000001,6405.95,2,1,5,3,0,582.3590909090909,5,0
2025-06-01,8,21,10039.77,15.12,840.02,153.02,10894.91,1,0,1,3,3,1361.86375,6,0
2025-06-02,10,21,3050.4,21.0,280.90999999999997,85.39,3352.31,2,2,3,1,2,335.231,0,0
2025-06-03,8,15,4367.03,5.38,471.02,172.99,4843.43,1,2,2,1,2,605.42875,1,0
2025-06-04,16,36,7118.54,19.380000000000003,544.77,199.53,7682.69,3,3,3,4,3,480.168125,2,0
2025-06-05,16,28,6146.12,19.32,444.99,9.99,6610.429999999999,5,1,2,4,4,413.15187499999996,3,0
2025-06-06,19,39,9892.41,29.41,740.45,570.61,10662.27,4,4,6,3,2,561.172105263158,4,0
2025-06-07,9,17,3230.92,4.57,280.28999999999996,5.31,3515.7799999999997,5,1,2,0,1,390.6422222222222,5,0
2025-06-08,11,23,4236.16,24.58,313.32,133.38,4574.06,3,1,2,1,4,415.8236363636364,6,0
2025-06-09,13,26,6481.58,38.44,491.56,156.85,7011.58,3,2,1,1,6,539.3523076923077,0,0
2025-06-10,18,40,5776.43,47.85,516.61,410.41,6340.89,4,4,4,2,4,352.2716666666667,1,0
2025-06-11,10,27,4541.15,18.79,424.55,145.75,4984.49,0,2,3,1,4,498.44899999999996,2,0
2025-06-12,11,26,7559.47,22.619999999999997,579.01,142.17000000000002,8161.1,3,1,1,2,4,741.9181818181819,3,0
2025-06-13,6,12,2985.48,9.65,217.88,135.71,3213.0099999999998,1,1,1,2,1,535.5016666666667,4,0
2025-06-14,11,25,3320.8,32.28,287.94,281.68,3641.02,2,3,1,2,3,331.0018181818182,5,0
2025-06-15,12,19,1956.18,55.9,188.10999999999999,18.689999999999998,2200.19,2,2,2,2,4,183.34916666666666,6,0
2025-06-16,20,44,7609.07,44.04,578.37,104.92,8231.48,1,7,4,5,3,411.57399999999996,0,0
2025-06-17,6,10,1344.46,9.870000000000001,98.97,62.660000000000004,1453.3,1,0,2,2,1,242.21666666666667,1,0
2025-06-18,11,27,4791.03,18.28,357.96999999999997,25.46,5167.28,3,0,2,2,4,469.75272727272727,2,0
2025-06-19,13,26,4355.62,27.06,351.74,25.66,4734.42,1,3,0,4,5,364.18615384615384,3,1
2025-06-20,12,30,5320.12,12.65,408.02,22.18,5740.79,1,4,4,2,1,478.39916666666664,4,0
2025-06-21,13,25,6573.19,23.78,622.53,115.48,7219.5,5,3,0,3,2,555.3461538461538,5,0
2025-06-22,13,28,3719.0,22.330000000000002,307.77,23.68,4049.1,1,4,4,2,2,311.46923076923076,6,0
2025-06-23,7,14,3313.73,10.55,265.31,22.73,3589.5899999999997,2,1,0,2,2,512.7985714285713,0,0
2025-06-24,8,20,5757.85,27.46,528.02,33.230000000000004,6313.33,3,1,0,0,4,789.16625,1,0
2025-06-25,12,29,4022.09,16.740000000000002,356.11,102.94,4394.94,3,4,1,1,3,366.24499999999995,2,0
2025-06-26,17,28,3925.12,45.05,301.51,13.440000000000001,4271.68,4,3,4,4,2,251.27529411764706,3,0
2025-06-27,11,29,6105.36,14.73,530.88,89.16,6650.97,2,3,3,2,1,604.6336363636364,4,0
2025-06-28,4,10,1217.11,10.7,92.78999999999999,0.0,1320.6,0,2,0,0,2,330.15,5,0
2025-06-29,13,22,3210.22,38.5,204.28,17.02,3453.0,3,2,3,4,1,265.61538461538464,6,0
2025-06-30,14,24,2788.0,37.25,223.37,20.56,3048.62,1,3,4,4,2,217.75857142857143,0,0
2025-07-01,8,20,2708.9500000000003,10.98,255.56,22.05,2975.49,1,0,1,4,2,371.93625,1,0
2025-07-02,11,23,4680.469999999999,27.18,404.84000000000003,370.33000000000004,5112.49,3,3,3,1,1,464.77181818181816,2,0
2025-07-03,8,19,3963.46,7.41,362.37,39.4,4333.24,3,1,1,3,0,541.655,3,0
2025-07-04,20,41,11468.119999999999,39.45,955.94,1013.5899999999999,12463.51,2,3,10,3,2,623.1755,4,1
2025-07-05,10,21,4922.53,17.44,448.38,78.97,5388.35,3,1,5,0,1,538.835,5,0
2025-07-06,7,11,1790.08,17.34,140.42,4.97,1947.8400000000001,3,1,0,2,1,278.2628571428572,6,0
2025-07-07,14,27,4074.25,36.589999999999996,349.43,104.85,4460.2699999999995,1,3,1,3,6,318.5907142857142,0,0
2025-07-08,12,18,4515.85,22.93,453.09999999999997,207.10999999999999,4991.88,0,1,2,4,5,415.99,1,0
2025-07-09,11,16,2431.94,20.310000000000002,186.97,5.93,2639.2200000000003,0,2,0,4,5,239.92909090909095,2,0
2025-07-10,13,21,3036.66,59.5,237.11,45.1,3333.27,3,5,0,1,4,256.4053846153846,3,0
2025-07-11,16,39,11672.050000000001,14.23,825.3199999999999,182.66,12511.599999999999,4,2,3,2,5,781.9749999999999,4,0
2025-07-12,8,13,2113.14,20.939999999999998,142.61,38.5,2276.69,2,0,2,1,3,284.58625,5,0
2025-07-13,10,23,4140.26,29.369999999999997,314.72,0.0,4484.35,1,2,2,3,2,448.43500000000006,6,0
2025-07-14,5,9,1262.46,5.49,98.2,0.0,1366.15,0,3,2,0,0,273.23,0,0
2025-07-15,13,32,6136.71,19.6,468.53000000000003,182.08,6624.84,1,6,2,3,1,509.6030769230769,1,0
2025-07-16,6,13,2684.71,9.21,224.12,89.91,2918.04,4,0,0,1,1,486.34,2,0
2025-07-17,15,27,5525.38,28.67,372.99,81.66,5927.04,3,2,6,2,2,395.136,3,0
2025-07-18,7,17,3879.4700000000003,0.0,392.74,27.85,4272.21,2,0,1,3,1,610.3157142857143,4,0
2025-07-19,10,29,3074.11,28.89,256.9,97.87,3359.9,3,0,4,2,1,335.99,5,0
2025-07-20,8,25,6500.84,5.72,589.94,1056.03,7096.5,4,2,0,1,1,887.0625,6,0
2025-07-21,13,29,7878.58,25.97,744.44,366.54,8648.99,2,5,1,0,5,665.3069230769231,0,0
2025-07-22,14,22,2481.89,49.129999999999995,224.74,3.11,2755.7599999999998,2,1,6,3,2,196.83999999999997,1,0
2025-07-23,12,22,5196.469999999999,22.21,460.5,91.03,5679.18,1,3,2,2,4,473.26500000000004,2,0
2025-07-24,12,34,6580.4,9.96,579.39,420.23,7169.75,2,4,3,0,3,597.4791666666666,3,0
2025-07-25,11,22,6191.76,31.74,349.69,22.56,6573.1900000000005,3,1,0,4,3,597.5627272727273,4,0
2025-07-26,14,38,4841.89,26.630000000000003,454.15,78.44,5322.67,2,6,2,0,4,380.1907142857143,5,0
2025-07-27,8,25,3775.6,13.3,303.05,156.14,4091.95,3,1,1,2,1,511.49375,6,0
2025-07-28,5,12,3115.42,0.0,238.22,186.64,3353.64,1,2,0,1,1,670.728,0,0
2025-07-29,16,33,7759.68,27.29,755.81,192.01,8542.78,6,4,2,3,1,533.92375,1,0
2025-07-30,9,17,2054.55,37.480000000000004,161.57,171.48,2253.6,2,2,1,0,4,250.39999999999998,2,0
2025-07-31,7,14,2090.2599999999998,18.4,202.17,174.07999999999998,2310.83,3,0,1,2,1,330.11857142857144,3,0
2025-08-01,12,21,4323.7,6.75,391.49,41.24,4721.9400000000005,1,1,4,3,3,393.49500000000006,4,0
2025-08-02,17,37,8417.06,10.32,784.01,218.72,9211.39,4,4,3,2,4,541.8464705882352,5,0
2025-08-03,10,22,6275.57,5.95,511.99,421.52,6793.51,3,5,0,0,2,679.351,6,0
2025-08-04,13,28,5748.26,12.46,581.2,79.29,6341.92,1,5,2,2,3,487.84000000000003,0,0
2025-08-05,10,24,4991.61,35.18,465.13,56.31,5491.92,2,3,0,2,3,549.192,1,0
2025-08-06,11,20,4828.65,22.3,486.02,91.92999999999999,5336.969999999999,1,1,5,1,3,485.17909090909086,2,0
2025-08-07,11,31,10498.2,11.95,878.5,125.96000000000001,11388.65,0,2,2,3,4,1035.331818181818,3,0
2025-08-08,15,28,3984.97,42.38,317.95,196.06,4345.3,2,3,5,3,2,289.68666666666667,4,0
2025-08-09,17,38,7881.38,31.97,729.1899999999999,176.45000000000002,8642.539999999999,6,3,4,3,1,508.3847058823529,5,0
2025-08-10,7,10,2053.8,8.19,183.13,284.13,2245.12,0,1,2,3,1,320.7314285714286,6,0
2025-08-11,15,37,8076.06,33.93,587.6,183.55,8697.59,2,3,3,4,3,579.8393333333333,0,0
2025-08-12,10,21,4447.2,17.91,406.0,58.39,4871.11,1,0,1,6,2,487.111,1,0
2025-08-13,15,29,3474.4700000000003,33.19,309.69,44.98,3817.35,5,3,5,1,1,254.48999999999998,2,0
2025-08-14,12,26,3690.06,50.65,342.92,85.09,4083.63,1,2,1,3,5,340.3025,3,0
2025-08-15,17,35,5374.51,37.07,443.65999999999997,264.83000000000004,5855.24,4,3,1,7,2,344.4258823529412,4,0
2025-08-16,7,14,3879.93,10.649999999999999,388.93,2.1,4279.51,2,0,2,2,1,611.3585714285715,5,0
2025-08-17,14,32,6849.0,37.489999999999995,709.0500000000001,364.79,7595.54,1,4,3,3,3,542.5385714285715,6,0
2025-08-18,10,17,2201.91,39.08,200.32999999999998,182.59,2441.32,2,2,2,2,2,244.132,0,0
2025-08-19,18,48,10879.98,28.32,922.96,156.71,11831.26,4,3,3,3,5,657.2922222222222,1,0
2025-08-20,9,24,3769.27,5.67,290.59999999999997,52.3,4065.54,3,3,1,1,1,451.7266666666667,2,0
2025-08-21,13,21,4369.63,27.18,404.72,28.61,4801.53,2,0,4,2,5,369.3484615384615,3,0
2025-08-22,5,10,2623.0699999999997,14.739999999999998,195.11,46.81,2832.92,1,1,0,1,2,566.5840000000001,4,0
2025-08-23,15,27,6484.98,4.14,500.37,276.91999999999996,6989.49,6,1,3,2,3,465.966,5,0
2025-08-24,10,15,3513.61,24.21,258.06,36.71,3795.88,3,1,0,1,5,379.588,6,0
2025-08-25,13,20,2501.99,66.4,214.6,4.01,2782.9900000000002,3,4,3,2,1,214.07615384615386,0,0
2025-08-26,7,13,1156.4699999999998,30.78,100.8,8.41,1288.05,1,2,0,2,2,184.00714285714284,1,0
2025-08-27,14,29,5471.03,34.86,460.73,95.77,5966.62,3,2,4,5,0,426.1871428571429,2,0
2025-08-28,16,24,3940.96,57.43,317.22,16.11,4315.61,2,4,6,3,1,269.725625,3,0
2025-08-29,15,40,6967.51,30.09,587.55,24.28,7585.150000000001,4,4,3,3,1,505.6766666666667,4,0
2025-08-30,7,9,985.26,19.45,94.54,0.0,1099.25,2,2,2,1,0,157.03571428571428,5,0
2025-08-31,19,32,4991.91,46.63,452.81,43.9,5491.35,6,2,3,4,4,289.0184210526316,6,0
2025-09-01,11,22,2948.46,41.379999999999995,242.51000000000002,4.29,3232.35,3,3,0,3,2,293.84999999999997,0,1
2025-09-02,12,28,5246.5,20.520000000000003,516.02,76.4,5783.04,5,1,1,3,2,481.92,1,0
2025-09-03,10,16,2816.78,18.69,212.05,9.7,3047.52,1,2,3,1,3,304.752,2,0
2025-09-04,9,16,2265.06,20.35,186.8,144.86,2472.21,0,1,5,2,1,274.69,3,0
2025-09-05,17,29,6836.2699999999995,55.2,453.52,248.04999999999998,7344.99,4,3,2,6,2,432.05823529411765,4,0
2025-09-06,17,28,6706.61,47.269999999999996,561.42,24.67,7315.299999999999,2,6,3,4,2,430.3117647058823,5,0
2025-09-07,12,26,2736.0,22.32,217.99,162.1,2976.31,2,1,1,1,7,248.02583333333334,6,0
2025-09-08,16,30,7057.4800000000005,17.5,511.28,573.3399999999999,7586.26,2,6,0,5,3,474.14125,0,0
2025-09-09,8,12,2742.59,17.19,266.59000000000003,116.09,3026.37,3,0,3,1,1,378.29625,1,0
2025-09-10,17,30,7075.26,53.97,506.47999999999996,100.83,7635.71,4,4,5,2,2,449.1594117647059,2,0
2025-09-11,11,20,3756.9,21.17,253.13,130.92000000000002,4031.2,3,0,3,1,4,366.47272727272724,3,0
2025-09-12,11,20,4470.99,39.83,367.34,3.06,4878.16,5,2,1,3,0,443.4690909090909,4,0
2025-09-13,11,24,5104.79,20.0,391.53999999999996,51.22,5516.33,2,3,2,2,2,501.48454545454547,5,0
2025-09-14,14,43,11004.09,4.88,970.9300000000001,114.39,11979.900000000001,4,7,1,0,2,855.7071428571429,6,0
2025-09-15,14,27,6264.21,27.57,627.02,0.0,6918.799999999999,5,3,2,3,1,494.19999999999993,0,0
2025-09-16,9,16,3898.4900000000002,27.060000000000002,358.67,23.75,4284.22,1,3,2,1,2,476.0244444444445,1,0
2025-09-17,14,22,3522.33,21.8,287.56,61.94,3831.69,4,2,2,2,4,273.69214285714287,2,0
2025-09-18,13,24,3375.33,23.76,275.64,30.99,3674.73,7,0,4,1,1,282.6715384615385,3,0
2025-09-19,10,25,8547.07,19.72,821.0600000000001,579.9499999999999,9387.85,3,2,0,1,4,938.7850000000001,4,0
2025-09-20,13,23,4139.18,24.62,355.0,47.05,4518.8,4,5,1,0,3,347.6,5,0
2025-09-21,9,16,4842.08,15.309999999999999,365.42,96.59,5222.81,1,3,1,2,2,580.3122222222223,6,0
2025-09-22,6,14,4238.75,8.5,429.78999999999996,41.82,4677.04,2,1,0,1,2,779.5066666666667,0,0
2025-09-23,10,19,3559.29,14.4,334.28,184.03,3907.97,2,1,2,5,0,390.79699999999997,1,0
2025-09-24,11,27,2686.19,18.04,230.18,53.0,2934.41,2,2,1,3,3,266.76454545454544,2,0
2025-09-25,15,33,4208.61,35.8,340.48,57.61000000000001,4584.89,2,4,4,3,2,305.65933333333334,3,0
2025-09-26,8,11,3185.56,0.0,257.32,192.87,3442.88,3,0,1,1,3,430.36,4,0
2025-09-27,7,13,5009.88,15.49,329.48,7.69,5354.85,1,1,0,1,4,764.9785714285715,5,0
2025-09-28,22,52,9158.76,25.55,749.16,78.86,9933.47,4,5,3,5,5,451.5213636363636,6,0
2025-09-29,15,40,9147.64,65.15,709.04,508.62,9921.83,2,4,2,2,5,661.4553333333333,0,0
2025-09-30,12,28,9393.52,14.83,854.73,154.78,10263.08,4,1,2,3,2,855.2566666666667,1,0
2025-10-01,20,50,12960.85,21.189999999999998,1105.67,398.0,14087.710000000001,2,2,4,7,5,704.3855000000001,2,0
2025-10-02,9,21,3654.49,13.3,347.57,26.27,4015.3599999999997,3,0,0,3,3,446.15111111111105,3,0
2025-10-03,7,14,1893.3899999999999,10.87,137.86,38.41,2042.12,2,1,0,4,0,291.7314285714286,4,0
2025-10-04,12,30,4975.22,18.95,399.71000000000004,230.73000000000002,5393.88,1,2,4,3,2,449.49,5,0
2025-10-05,11,24,4534.8,18.79,353.65,74.96,4907.24,3,1,3,3,1,446.1127272727272,6,0
2025-10-06,9,20,2343.48,11.98,171.07,190.84,2526.5299999999997,1,3,2,2,1,280.7255555555555,0,0
2025-10-07,9,20,3732.43,38.41,344.8,26.439999999999998,4115.64,1,1,2,4,1,457.29333333333335,1,0
2025-10-08,18,36,5874.55,63.89,585.31,93.35,6523.75,4,5,3,3,3,362.43055555555554,2,0
2025-10-09,12,26,6595.38,32.59,564.39,265.21000000000004,7192.36,1,6,1,1,3,599.3633333333333,3,0
2025-10-10,7,16,3478.7,10.25,302.5,111.64,3791.45,2,0,3,1,1,541.6357142857142,4,0
2025-10-11,17,41,6588.9400000000005,36.04,588.67,85.7,7213.650000000001,6,4,2,3,2,424.3323529411765,5,0
2025-10-12,10,21,5099.35,42.05,403.02000000000004,116.37,5544.42,0,2,4,3,1,554.442,6,0
2025-10-13,16,33,5304.49,53.91,519.83,262.88,5878.23,3,3,3,3,4,367.389375,0,1
2025-10-14,9,14,2090.31,31.47,169.01999999999998,82.53,2290.8,1,1,1,5,1,254.53333333333336,1,0
2025-10-15,15,21,8263.17,51.01,780.73,28.14,9094.91,5,4,1,3,2,606.3273333333333,2,0
2025-10-16,10,23,6266.43,11.38,579.3,57.010000000000005,6857.110000000001,3,0,2,2,3,685.711,3,0
2025-10-17,6,12,3598.95,29.119999999999997,304.45,150.28,3932.52,1,0,1,1,3,655.42,4,0
2025-10-18,18,34,8193.79,41.01,719.0,210.01000000000002,8953.8,3,2,5,7,1,497.4333333333333,5,0
2025-10-19,16,36,4872.86,27.7,456.67,264.61,5357.2300000000005,3,3,7,2,1,334.82687500000003,6,0
2025-10-20,8,14,2830.56,15.59,255.76999999999998,28.080000000000002,3101.92,2,0,0,3,3,387.74,0,0
2025-10-21,12,28,4478.04,19.29,345.36,35.71,4842.69,2,2,4,3,1,403.55749999999995,1,0
2025-10-22,13,26,6158.42,14.38,496.33,84.72999999999999,6669.13,4,3,2,3,1,513.01,2,0
2025-10-23,10,19,2064.63,28.439999999999998,147.53,2.82,2240.6,1,1,3,2,3,224.06,3,0
2025-10-24,16,39,8605.42,38.47,753.67,124.7,9397.56,2,2,6,3,3,587.3475,4,0
2025-10-25,8,24,5858.39,5.75,561.37,493.77,6425.51,1,2,2,1,2,803.18875,5,0
2025-10-26,14,33,11370.76,35.82,915.36,176.77,12321.94,2,1,1,3,7,880.1385714285715,6,0
2025-10-27,13,25,2940.01,44.32,214.19,62.57,3198.52,5,4,1,1,2,246.04,0,0
2025-10-28,10,20,3773.75,10.48,317.49,224.98,4101.72,1,1,4,3,1,410.172,1,0
2025-10-29,9,27,6128.13,0.0,495.79,133.47,6623.92,0,3,1,1,4,735.9911111111111,2,0
2025-10-30,7,17,4200.12,4.02,341.0,0.0,4545.14,2,2,1,2,0,649.3057142857143,3,0
2025-10-31,14,28,4072.61,53.790000000000006,320.35,18.13,4446.75,2,3,4,3,2,317.625,4,0
2025-11-01,11,24,6794.21,9.39,519.74,239.03,7323.340000000001,2,1,5,2,1,665.7581818181819,5,0
2025-11-02,13,28,4193.93,38.81,410.63,8.44,4643.37,4,3,2,0,4,357.1823076923077,6,0
2025-11-03,13,24,3981.3,52.370000000000005,396.4,198.35,4430.07,3,5,1,1,3,340.77461538461534,0,0
2025-11-04,12,22,3860.01,42.34,330.97,30.55,4233.32,3,1,2,3,3,352.77666666666664,1,0
2025-11-05,8,23,5438.09,14.62,548.17,71.42,6000.879999999999,1,2,2,1,2,750.1099999999999,2,0
2025-11-06,10,20,4883.99,16.83,431.46,282.12,5332.28,2,2,3,3,0,533.228,3,0
2025-11-07,6,12,2115.61,8.76,192.89,228.98000000000002,2317.2599999999998,1,1,2,2,0,386.21,4,0
2025-11-08,15,37,6957.5,10.94,523.7,246.59,7492.14,2,1,1,5,6,499.476,5,0
2025-11-09,9,12,2360.23,14.780000000000001,230.36,101.53999999999999,2605.37,2,2,0,2,3,289.48555555555555,6,0
2025-11-10,12,30,4555.97,16.48,400.69,160.82999999999998,4973.139999999999,2,5,2,1,2,414.4283333333333,0,0
2025-11-11,19,40,11006.460000000001,44.09,878.84,268.79,11929.39,1,5,2,3,8,627.8626315789473,1,1
2025-11-12,12,25,5463.0,50.49,458.0,94.86,5971.49,0,3,3,4,2,497.62416666666667,2,0
2025-11-13,14,38,6667.3,10.5,553.4,91.03999999999999,7231.2,1,2,1,4,6,516.5142857142857,3,0
2025-11-14,11,26,3622.05,22.84,274.01,88.89,3918.9,3,2,1,2,3,356.26363636363635,4,0
